Datetime,Water Level (m)
2025-06-28 12:00:00,0.71311754
2025-06-28 13:00:00,0.429358
2025-06-28 14:00:00,0.19215858
2025-06-28 15:00:00,0.002093334
2025-06-28 16:00:00,-0.1381638
2025-06-28 17:00:00,-0.13172694
2025-06-28 18:00:00,0.24726383
2025-06-28 19:00:00,0.6140263
2025-06-28 20:00:00,0.9169003
2025-06-28 21:00:00,1.1014553
2025-06-28 22:00:00,1.0872254
2025-06-28 23:00:00,0.83844477
2025-06-29 00:00:00,0.5466529
2025-06-29 01:00:00,0.29411545
2025-06-29 02:00:00,0.08514217
2025-06-29 03:00:00,-0.0831657
2025-06-29 04:00:00,-0.19720991
2025-06-29 05:00:00,-0.10047889
2025-06-29 06:00:00,0.32615054
2025-06-29 07:00:00,0.74604315
2025-06-29 08:00:00,1.0900631
2025-06-29 09:00:00,1.3412752
2025-06-29 10:00:00,1.4186172
2025-06-29 11:00:00,1.2473458
2025-06-29 12:00:00,0.92939925
2025-06-29 13:00:00,0.6394159
2025-06-29 14:00:00,0.39755848
2025-06-29 15:00:00,0.192752
2025-06-29 16:00:00,0.027651364
2025-06-29 17:00:00,-0.0732497
2025-06-29 18:00:00,0.09901714
2025-06-29 19:00:00,0.4896252
2025-06-29 20:00:00,0.83493036
2025-06-29 21:00:00,1.0826963
2025-06-29 22:00:00,1.1994033
2025-06-29 23:00:00,1.1155794
2025-06-30 00:00:00,0.84867704
2025-06-30 01:00:00,0.58130807
2025-06-30 02:00:00,0.35394365
2025-06-30 03:00:00,0.1647884
2025-06-30 04:00:00,0.02001991
2025-06-30 05:00:00,-0.0415018
2025-06-30 06:00:00,0.20538571
2025-06-30 07:00:00,0.59943795
2025-06-30 08:00:00,0.9761836
2025-06-30 09:00:00,1.2673587
2025-06-30 10:00:00,1.4363259
2025-06-30 11:00:00,1.4045142
2025-06-30 12:00:00,1.1446725
2025-06-30 13:00:00,0.84273183
2025-06-30 14:00:00,0.58373064
2025-06-30 15:00:00,0.36177817
2025-06-30 16:00:00,0.17895772
2025-06-30 17:00:00,0.044193562
2025-06-30 18:00:00,0.01305634
2025-06-30 19:00:00,0.29637036
2025-06-30 20:00:00,0.63702166
2025-06-30 21:00:00,0.9156713
2025-06-30 22:00:00,1.0927112
2025-06-30 23:00:00,1.130554
2025-07-01 00:00:00,0.97705495
2025-07-01 01:00:00,0.7215745
2025-07-01 02:00:00,0.48174834
2025-07-01 03:00:00,0.27619883
2025-07-01 04:00:00,0.11319933
2025-07-01 05:00:00,-0.0060693524
2025-07-01 06:00:00,-0.013286875
2025-07-01 07:00:00,0.31250596
2025-07-01 08:00:00,0.6833783
2025-07-01 09:00:00,1.0070833
2025-07-01 10:00:00,1.228732
2025-07-01 11:00:00,1.3030509
2025-07-01 12:00:00,1.1716242
2025-07-01 13:00:00,0.9034941
2025-07-01 14:00:00,0.6445186
2025-07-01 15:00:00,0.4235009
2025-07-01 16:00:00,0.23390988
2025-07-01 17:00:00,0.08559028
2025-07-01 18:00:00,-0.018636886
2025-07-01 19:00:00,0.019743472
2025-07-01 20:00:00,0.35727367
2025-07-01 21:00:00,0.679371
2025-07-01 22:00:00,0.9246937
2025-07-01 23:00:00,1.0697746
2025-07-02 00:00:00,1.0707145
2025-07-02 01:00:00,0.8980649
2025-07-02 02:00:00,0.6564427
2025-07-02 03:00:00,0.43493775
2025-07-02 04:00:00,0.24706207
2025-07-02 05:00:00,0.10549759
2025-07-02 06:00:00,0.023367397
2025-07-02 07:00:00,0.115286715
2025-07-02 08:00:00,0.44037437
2025-07-02 09:00:00,0.77029884
2025-07-02 10:00:00,1.0214003
2025-07-02 11:00:00,1.174297
2025-07-02 12:00:00,1.1693321
2025-07-02 13:00:00,0.98396194
2025-07-02 14:00:00,0.73484546
2025-07-02 15:00:00,0.5068713
2025-07-02 16:00:00,0.31369826
2025-07-02 17:00:00,0.15477483
2025-07-02 18:00:00,0.03694719
2025-07-02 19:00:00,-0.014627614
2025-07-02 20:00:00,0.13800418
2025-07-02 21:00:00,0.44791037
2025-07-02 22:00:00,0.7245005
2025-07-02 23:00:00,0.92233413
2025-07-03 00:00:00,1.0280234
2025-07-03 01:00:00,1.0001179
2025-07-03 02:00:00,0.8253227
2025-07-03 03:00:00,0.6081781
2025-07-03 04:00:00,0.4095508
2025-07-03 05:00:00,0.24546628
2025-07-03 06:00:00,0.1310057
2025-07-03 07:00:00,0.09252241
2025-07-03 08:00:00,0.24112344
2025-07-03 09:00:00,0.5332758
2025-07-03 10:00:00,0.80523175
2025-07-03 11:00:00,0.99982977
2025-07-03 12:00:00,1.0863597
2025-07-03 13:00:00,1.0234783
2025-07-03 14:00:00,0.82873046
2025-07-03 15:00:00,0.61207
2025-07-03 16:00:00,0.41652533
2025-07-03 17:00:00,0.24520177
2025-07-03 18:00:00,0.10858565
2025-07-03 19:00:00,0.009603875
2025-07-03 20:00:00,-0.011545533
2025-07-03 21:00:00,0.1786045
2025-07-03 22:00:00,0.45792845
2025-07-03 23:00:00,0.70507175
2025-07-04 00:00:00,0.87868404
2025-07-04 01:00:00,0.9663311
2025-07-04 02:00:00,0.9377733
2025-07-04 03:00:00,0.78790915
2025-07-04 04:00:00,0.6081128
2025-07-04 05:00:00,0.4532241
2025-07-04 06:00:00,0.34312505
2025-07-04 07:00:00,0.2940363
2025-07-04 08:00:00,0.3530343
2025-07-04 09:00:00,0.57596403
2025-07-04 10:00:00,0.8473557
2025-07-04 11:00:00,1.0997593
2025-07-04 12:00:00,1.2734987
